[{"model": "store.category", "pk": 1, "fields": {"name": "cheese ball"}}, {"model": "store.category", "pk": 2, "fields": {"name": "ice"}}, {"model": "store.category", "pk": 3, "fields": {"name": "Pimento - Canned"}}, {"model": "store.category", "pk": 4, "fields": {"name": "Cabbage - Red"}}, {"model": "store.category", "pk": 6, "fields": {"name": "Dried Figs"}}, {"model": "store.category", "pk": 7, "fields": {"name": "Wine 8848"}}, {"model": "store.category", "pk": 8, "fields": {"name": "Broom - Corn"}}, {"model": "store.category", "pk": 9, "fields": {"name": "Carbonated Water - Blackberry"}}, {"model": "store.category", "pk": 10, "fields": {"name": "Onions - White"}}, {"model": "store.category", "pk": 11, "fields": {"name": "aab"}}, {"model": "store.category", "pk": 12, "fields": {"name": "penuts"}}, {"model": "store.category", "pk": 13, "fields": {"name": "Nut"}}, {"model": "store.category", "pk": 14, "fields": {"name": "Nut"}}, {"model": "store.category", "pk": 15, "fields": {"name": "Honey"}}, {"model": "store.category", "pk": 16, "fields": {"name": "kurkure"}}, {"model": "store.category", "pk": 17, "fields": {"name": "momos"}}, {"model": "store.category", "pk": 19, "fields": {"name": "choco"}}, {"model": "store.category", "pk": 20, "fields": {"name": "nivea"}}, {"model": "store.category", "pk": 21, "fields": {"name": "lotions"}}, {"model": "store.product", "pk": 1, "fields": {"name": "Maxi", "quantity": 1, "price": "89.00", "discounted_price": 1.0, "category": 1}}, {"model": "store.product", "pk": 2, "fields": {"name": "Charlene", "quantity": 2, "price": "71.00", "discounted_price": 2.0, "category": 2}}, {"model": "store.product", "pk": 3, "fields": {"name": "Ignaz", "quantity": 3, "price": "98.00", "discounted_price": 3.0, "category": 3}}, {"model": "store.product", "pk": 4, "fields": {"name": "Raimondo", "quantity": 4, "price": "7.00", "discounted_price": 4.0, "category": 4}}, {"model": "store.product", "pk": 6, "fields": {"name": "Gabriella", "quantity": 6, "price": "35.00", "discounted_price": 6.0, "category": 6}}, {"model": "store.product", "pk": 7, "fields": {"name": "Reinaldos", "quantity": 7, "price": "60.00", "discounted_price": 7.0, "category": 7}}, {"model": "store.product", "pk": 8, "fields": {"name": "Matthieu", "quantity": 8, "price": "36.00", "discounted_price": 8.0, "category": 8}}, {"model": "store.product", "pk": 9, "fields": {"name": "Arlee", "quantity": 9, "price": "62.00", "discounted_price": 9.0, "category": 9}}, {"model": "store.product", "pk": 10, "fields": {"name": "Sukey", "quantity": 10, "price": "96.00", "discounted_price": 10.0, "category": 10}}, {"model": "store.product", "pk": 11, "fields": {"name": "Soap - Pine Sol Floor Cleaner", "quantity": 3, "price": "73.00", "discounted_price": 16.0, "category": 1}}, {"model": "store.product", "pk": 12, "fields": {"name": "Soup - Knorr, Veg / Beef", "quantity": 50, "price": "5.00", "discounted_price": 8.0, "category": 2}}, {"model": "store.product", "pk": 13, "fields": {"name": "Bag Stand", "quantity": 87, "price": "13.00", "discounted_price": 32.0, "category": 4}}, {"model": "store.product", "pk": 14, "fields": {"name": "Spinach - Frozen", "quantity": 14, "price": "36.00", "discounted_price": 94.0, "category": 3}}, {"model": "store.product", "pk": 15, "fields": {"name": "Bread - Italian Sesame Poly", "quantity": 86, "price": "9.00", "discounted_price": 50.0, "category": 6}}, {"model": "store.product", "pk": 16, "fields": {"name": "Glucose", "quantity": 25, "price": "59.00", "discounted_price": 10.0, "category": 2}}, {"model": "store.product", "pk": 18, "fields": {"name": "Turkey - Breast, Double", "quantity": 38, "price": "2.00", "discounted_price": 83.0, "category": 7}}, {"model": "store.product", "pk": 19, "fields": {"name": "Sage - Ground", "quantity": 15, "price": "55.00", "discounted_price": 30.0, "category": 3}}, {"model": "store.product", "pk": 20, "fields": {"name": "Mangostein", "quantity": 5, "price": "88.00", "discounted_price": 44.0, "category": 7}}, {"model": "store.product", "pk": 21, "fields": {"name": "Cookie Double Choco", "quantity": 42, "price": "13.00", "discounted_price": 58.0, "category": 4}}, {"model": "store.product", "pk": 22, "fields": {"name": "Artichokes - Knobless, White", "quantity": 40, "price": "31.00", "discounted_price": 99.0, "category": 1}}, {"model": "store.product", "pk": 23, "fields": {"name": "Tomatoes Tear Drop Yellow", "quantity": 50, "price": "40.00", "discounted_price": 13.0, "category": 3}}, {"model": "store.product", "pk": 24, "fields": {"name": "Chicken - Whole Roasting", "quantity": 98, "price": "24.00", "discounted_price": 16.0, "category": 6}}, {"model": "store.product", "pk": 25, "fields": {"name": "Puree - Kiwi", "quantity": 19, "price": "20.00", "discounted_price": 64.0, "category": 3}}, {"model": "store.product", "pk": 26, "fields": {"name": "Chicken - White Meat With Tender", "quantity": 49, "price": "13.00", "discounted_price": 47.0, "category": 1}}, {"model": "store.product", "pk": 27, "fields": {"name": "Bag - Bread, White, Plain", "quantity": 61, "price": "96.00", "discounted_price": 67.0, "category": 3}}, {"model": "store.product", "pk": 28, "fields": {"name": "Island Oasis - Banana Daiquiri", "quantity": 52, "price": "28.00", "discounted_price": 18.0, "category": 2}}, {"model": "store.product", "pk": 29, "fields": {"name": "Wine - Muscadet Sur Lie", "quantity": 71, "price": "59.00", "discounted_price": 93.0, "category": 2}}, {"model": "store.product", "pk": 30, "fields": {"name": "Cheese - Grie Des Champ", "quantity": 60, "price": "72.00", "discounted_price": 19.0, "category": 7}}, {"model": "store.product", "pk": 31, "fields": {"name": "Cheese - St. Paulin", "quantity": 95, "price": "56.00", "discounted_price": 88.0, "category": 1}}, {"model": "store.product", "pk": 32, "fields": {"name": "Chocolate - Compound Coating", "quantity": 13, "price": "86.00", "discounted_price": 49.0, "category": 4}}, {"model": "store.product", "pk": 33, "fields": {"name": "Ham - Procutinni", "quantity": 55, "price": "91.00", "discounted_price": 82.0, "category": 4}}, {"model": "store.product", "pk": 34, "fields": {"name": "Shichimi Togarashi Peppeers", "quantity": 75, "price": "59.00", "discounted_price": 97.0, "category": 3}}, {"model": "store.product", "pk": 36, "fields": {"name": "Sobe - Orange Carrot", "quantity": 81, "price": "16.00", "discounted_price": 3.0, "category": 2}}, {"model": "store.product", "pk": 37, "fields": {"name": "Eggplant - Asian", "quantity": 42, "price": "64.00", "discounted_price": 7.0, "category": 8}}, {"model": "store.product", "pk": 38, "fields": {"name": "Salt And Pepper Mix - White", "quantity": 80, "price": "49.00", "discounted_price": 79.0, "category": 4}}, {"model": "store.product", "pk": 39, "fields": {"name": "Wine - Red, Colio Cabernet", "quantity": 87, "price": "60.00", "discounted_price": 45.0, "category": 7}}, {"model": "store.product", "pk": 40, "fields": {"name": "Eggwhite Frozen", "quantity": 9, "price": "17.00", "discounted_price": 46.0, "category": 8}}, {"model": "store.product", "pk": 41, "fields": {"name": "Soup - Clam Chowder, Dry Mix", "quantity": 89, "price": "55.00", "discounted_price": 22.0, "category": 8}}, {"model": "store.product", "pk": 42, "fields": {"name": "Pasta - Lasagna Noodle, Frozen", "quantity": 79, "price": "19.00", "discounted_price": 62.0, "category": 7}}, {"model": "store.product", "pk": 43, "fields": {"name": "Wine - Red, Gamay Noir", "quantity": 5, "price": "75.00", "discounted_price": 42.0, "category": 1}}, {"model": "store.product", "pk": 45, "fields": {"name": "Tuna - Loin", "quantity": 73, "price": "33.00", "discounted_price": 35.0, "category": 1}}, {"model": "store.product", "pk": 46, "fields": {"name": "Tomatoes - Diced, Canned", "quantity": 93, "price": "2.00", "discounted_price": 69.0, "category": 1}}, {"model": "store.product", "pk": 47, "fields": {"name": "Glycerine", "quantity": 99, "price": "23.00", "discounted_price": 88.0, "category": 4}}, {"model": "store.product", "pk": 48, "fields": {"name": "Nestea - Ice Tea, Diet", "quantity": 4, "price": "7.00", "discounted_price": 3.0, "category": 8}}, {"model": "store.product", "pk": 49, "fields": {"name": "Soup Campbells - Italian Wedding", "quantity": 54, "price": "87.00", "discounted_price": 6.0, "category": 2}}, {"model": "store.product", "pk": 50, "fields": {"name": "Sauce - Marinara", "quantity": 67, "price": "53.00", "discounted_price": 78.0, "category": 6}}, {"model": "store.product", "pk": 51, "fields": {"name": "Calypso - Lemonade", "quantity": 74, "price": "39.00", "discounted_price": 39.0, "category": 1}}, {"model": "store.product", "pk": 52, "fields": {"name": "Stock - Beef, White", "quantity": 74, "price": "43.00", "discounted_price": 42.0, "category": 7}}, {"model": "store.product", "pk": 53, "fields": {"name": "Tortillas - Flour, 8", "quantity": 72, "price": "82.00", "discounted_price": 36.0, "category": 4}}, {"model": "store.product", "pk": 54, "fields": {"name": "Flour - Strong", "quantity": 40, "price": "25.00", "discounted_price": 62.0, "category": 1}}, {"model": "store.product", "pk": 55, "fields": {"name": "Cookies - Oreo, 4 Pack", "quantity": 3, "price": "67.00", "discounted_price": 62.0, "category": 8}}, {"model": "store.product", "pk": 56, "fields": {"name": "Pork - Caul Fat", "quantity": 96, "price": "26.00", "discounted_price": 57.0, "category": 7}}, {"model": "store.product", "pk": 57, "fields": {"name": "Wine - Fino Tio Pepe Gonzalez", "quantity": 13, "price": "23.00", "discounted_price": 26.0, "category": 1}}, {"model": "store.product", "pk": 58, "fields": {"name": "Wine - Peller Estates Late", "quantity": 46, "price": "78.00", "discounted_price": 67.0, "category": 8}}, {"model": "store.product", "pk": 59, "fields": {"name": "Island Oasis - Pina Colada", "quantity": 97, "price": "22.00", "discounted_price": 59.0, "category": 6}}, {"model": "store.product", "pk": 60, "fields": {"name": "Red Currant Jelly", "quantity": 6, "price": "35.00", "discounted_price": 47.0, "category": 1}}, {"model": "store.product", "pk": 61, "fields": {"name": "Parsley - Dried", "quantity": 24, "price": "74.00", "discounted_price": 63.0, "category": 2}}, {"model": "store.product", "pk": 63, "fields": {"name": "Coffee - Cafe Moreno", "quantity": 94, "price": "14.00", "discounted_price": 2.0, "category": 3}}, {"model": "store.product", "pk": 64, "fields": {"name": "Fruit Salad Deluxe", "quantity": 87, "price": "86.00", "discounted_price": 40.0, "category": 6}}, {"model": "store.product", "pk": 65, "fields": {"name": "Kale - Red", "quantity": 41, "price": "39.00", "discounted_price": 30.0, "category": 6}}, {"model": "store.product", "pk": 66, "fields": {"name": "Beef - Bones, Marrow", "quantity": 14, "price": "64.00", "discounted_price": 2.0, "category": 4}}, {"model": "store.product", "pk": 67, "fields": {"name": "Squid U5 - Thailand", "quantity": 12, "price": "17.00", "discounted_price": 35.0, "category": 4}}, {"model": "store.product", "pk": 69, "fields": {"name": "Vinegar - Champagne", "quantity": 97, "price": "9.00", "discounted_price": 60.0, "category": 8}}, {"model": "store.product", "pk": 70, "fields": {"name": "Squash - Acorn", "quantity": 99, "price": "92.00", "discounted_price": 24.0, "category": 6}}, {"model": "store.product", "pk": 71, "fields": {"name": "Pie Filling - Cherry", "quantity": 23, "price": "16.00", "discounted_price": 93.0, "category": 7}}, {"model": "store.product", "pk": 72, "fields": {"name": "Cheese - Brie,danish", "quantity": 11, "price": "97.00", "discounted_price": 11.0, "category": 8}}, {"model": "store.product", "pk": 73, "fields": {"name": "Bread - 10 Grain Parisian", "quantity": 38, "price": "83.00", "discounted_price": 21.0, "category": 4}}, {"model": "store.product", "pk": 74, "fields": {"name": "Toothpick Frilled", "quantity": 24, "price": "63.00", "discounted_price": 23.0, "category": 7}}, {"model": "store.product", "pk": 76, "fields": {"name": "Rabbit - Legs", "quantity": 30, "price": "98.00", "discounted_price": 47.0, "category": 1}}, {"model": "store.product", "pk": 77, "fields": {"name": "Samosa - Veg", "quantity": 1, "price": "9.00", "discounted_price": 16.0, "category": 1}}, {"model": "store.product", "pk": 78, "fields": {"name": "Tea - English Breakfast", "quantity": 93, "price": "62.00", "discounted_price": 92.0, "category": 6}}, {"model": "store.product", "pk": 80, "fields": {"name": "Flavouring - Raspberry", "quantity": 7, "price": "11.00", "discounted_price": 99.0, "category": 2}}, {"model": "store.product", "pk": 81, "fields": {"name": "Marjoram - Dried, Rubbed", "quantity": 98, "price": "91.00", "discounted_price": 94.0, "category": 3}}, {"model": "store.product", "pk": 82, "fields": {"name": "Phyllo Dough", "quantity": 69, "price": "17.00", "discounted_price": 62.0, "category": 1}}, {"model": "store.product", "pk": 83, "fields": {"name": "Petit Baguette", "quantity": 98, "price": "37.00", "discounted_price": 43.0, "category": 8}}, {"model": "store.product", "pk": 84, "fields": {"name": "Cup - 6oz, Foam", "quantity": 86, "price": "28.00", "discounted_price": 64.0, "category": 6}}, {"model": "store.product", "pk": 85, "fields": {"name": "Cucumber - Pickling Ontario", "quantity": 56, "price": "79.00", "discounted_price": 97.0, "category": 4}}, {"model": "store.product", "pk": 86, "fields": {"name": "Lettuce - Spring Mix", "quantity": 95, "price": "50.00", "discounted_price": 53.0, "category": 2}}, {"model": "store.product", "pk": 87, "fields": {"name": "Crackers - Melba Toast", "quantity": 67, "price": "25.00", "discounted_price": 24.0, "category": 1}}, {"model": "store.product", "pk": 89, "fields": {"name": "Samosa - Veg", "quantity": 98, "price": "70.00", "discounted_price": 79.0, "category": 8}}, {"model": "store.product", "pk": 90, "fields": {"name": "Fondant - Icing", "quantity": 12, "price": "34.00", "discounted_price": 1.0, "category": 3}}, {"model": "store.product", "pk": 91, "fields": {"name": "Juice - Ocean Spray Cranberry", "quantity": 32, "price": "21.00", "discounted_price": 77.0, "category": 1}}, {"model": "store.product", "pk": 92, "fields": {"name": "General Purpose Trigger", "quantity": 100, "price": "98.00", "discounted_price": 77.0, "category": 6}}, {"model": "store.product", "pk": 93, "fields": {"name": "Catfish - Fillets", "quantity": 21, "price": "48.00", "discounted_price": 6.0, "category": 2}}, {"model": "store.product", "pk": 94, "fields": {"name": "Energy Drink - Franks Pineapple", "quantity": 20, "price": "40.00", "discounted_price": 6.0, "category": 8}}, {"model": "store.product", "pk": 95, "fields": {"name": "Foam Dinner Plate", "quantity": 66, "price": "22.00", "discounted_price": 93.0, "category": 1}}, {"model": "store.product", "pk": 96, "fields": {"name": "Yoplait - Strawbrasp Peac", "quantity": 33, "price": "59.00", "discounted_price": 36.0, "category": 6}}, {"model": "store.product", "pk": 97, "fields": {"name": "Langers - Ruby Red Grapfruit", "quantity": 37, "price": "31.00", "discounted_price": 67.0, "category": 2}}, {"model": "store.product", "pk": 98, "fields": {"name": "Cornflakes", "quantity": 41, "price": "95.00", "discounted_price": 23.0, "category": 4}}, {"model": "store.product", "pk": 99, "fields": {"name": "Beer - Heinekin", "quantity": 7, "price": "69.00", "discounted_price": 89.0, "category": 4}}, {"model": "store.product", "pk": 100, "fields": {"name": "Doilies - 5, Paper", "quantity": 89, "price": "3.00", "discounted_price": 47.0, "category": 6}}, {"model": "store.customer", "pk": 1, "fields": {"first_name": "Regan", "middle_name": "Brandyn", "last_name": "Pourveer", "address": "Apt 1253", "gender": "M", "user": 1}}, {"model": "store.cart", "pk": 1, "fields": {"customer": 1}}, {"model": "store.cartitem", "pk": 1, "fields": {"product": 1, "quantity": 1, "cart": 1}}, {"model": "store.cartitem", "pk": 3, "fields": {"product": 8, "quantity": 1, "cart": 1}}, {"model": "store.cartitem", "pk": 4, "fields": {"product": 2, "quantity": 1, "cart": 1}}, {"model": "store.cartitem", "pk": 5, "fields": {"product": 3, "quantity": 1, "cart": 1}}, {"model": "store.cartitem", "pk": 6, "fields": {"product": 9, "quantity": 1, "cart": 1}}]